{"assets/Module_3_GroundRules.PNG":["assets/Module_3_GroundRules.PNG"],"assets/Module_3_ReasonsAlt.PNG":["assets/Module_3_ReasonsAlt.PNG"],"assets/Module_4_CallAlt.PNG":["assets/Module_4_CallAlt.PNG"],"assets/Module_4_NonoInt.PNG":["assets/Module_4_NonoInt.PNG"],"assets/TreeSwing.PNG":["assets/TreeSwing.PNG"],"assets/buildingTask.PNG":["assets/buildingTask.PNG"],"packages/cupertino_icons/assets/CupertinoIcons.ttf":["packages/cupertino_icons/assets/CupertinoIcons.ttf"],"packages/flutter_inappwebview/assets/t_rex_runner/t-rex.css":["packages/flutter_inappwebview/assets/t_rex_runner/t-rex.css"],"packages/flutter_inappwebview/assets/t_rex_runner/t-rex.html":["packages/flutter_inappwebview/assets/t_rex_runner/t-rex.html"],"packages/fluttertoast/assets/toastify.css":["packages/fluttertoast/assets/toastify.css"],"packages/fluttertoast/assets/toastify.js":["packages/fluttertoast/assets/toastify.js"]}