{"assets/ModuleCog.PNG":["assets/ModuleCog.PNG"],"assets/Module_3_GroundRules.PNG":["assets/Module_3_GroundRules.PNG"],"assets/Module_3_ReasonsAlt.PNG":["assets/Module_3_ReasonsAlt.PNG"],"assets/Module_4_3Pillars.PNG":["assets/Module_4_3Pillars.PNG"],"assets/Module_4_CallAlt.PNG":["assets/Module_4_CallAlt.PNG"],"assets/Module_4_Esteem.PNG":["assets/Module_4_Esteem.PNG"],"assets/Module_4_Exchange.PNG":["assets/Module_4_Exchange.PNG"],"assets/Module_4_NonoInt.PNG":["assets/Module_4_NonoInt.PNG"],"assets/Module_4_Use.PNG":["assets/Module_4_Use.PNG"],"assets/TreeSwing.PNG":["assets/TreeSwing.PNG"],"assets/buildingTask.PNG":["assets/buildingTask.PNG"],"assets/introFinal.PNG":["assets/introFinal.PNG"],"assets/introHome.PNG":["assets/introHome.PNG"],"assets/introImage.PNG":["assets/introImage.PNG"],"assets/introInput.PNG":["assets/introInput.PNG"],"assets/introInteract.PNG":["assets/introInteract.PNG"],"assets/introKnowledge.PNG":["assets/introKnowledge.PNG"],"assets/introLeader.PNG":["assets/introLeader.PNG"],"assets/introModule.PNG":["assets/introModule.PNG"],"assets/logoAlt.PNG":["assets/logoAlt.PNG"],"packages/cupertino_icons/assets/CupertinoIcons.ttf":["packages/cupertino_icons/assets/CupertinoIcons.ttf"],"packages/flutter_inappwebview/assets/t_rex_runner/t-rex.css":["packages/flutter_inappwebview/assets/t_rex_runner/t-rex.css"],"packages/flutter_inappwebview/assets/t_rex_runner/t-rex.html":["packages/flutter_inappwebview/assets/t_rex_runner/t-rex.html"],"packages/fluttertoast/assets/toastify.css":["packages/fluttertoast/assets/toastify.css"],"packages/fluttertoast/assets/toastify.js":["packages/fluttertoast/assets/toastify.js"]}